node,fee,num_trans
0232e20e7b68b9b673fb25f48322b151a93186bffe4550045040673797ceca43cf,9616.0,16
03e50492eab4107a773141bb419e107bda3de3d55652e6e1a41225f06a0bbf2d56,4832.0,32
0279c22ed7a068d10dc1a38ae66d2d6461e269226c60258c021b1ddcdfe4b00bc4,2940.0,49
032679fec1213e5b0a23e066c019d7b991b95c6e4d28806b9ebd1362f9e32775cf,1708.0,56
03d37fca0656558de4fd86bbe490a38d84a46228e7ec1361801f54f9437a18d618,1647.0,54
0390b5d4492dc2f5318e5233ab2cebf6d48914881a33ef6a9c6bcdbb433ad986d0,1067.5,35
03a503d8e30f2ff407096d235b5db63b4fcf3f89a653acb6f43d3fc492a7674019,984.0,16
028dcc199be86786818c8c32bffe9db8855c5fca98951eec99d1fa335d841605c2,735.0,105
02247d9db0dfafea745ef8c9e161eb322f73ac3f8858d8730b6fd97254747ce76b,732.0,24
03fb822818be083e0a954db85257a2911a3d55458b8c1ea4124b157e865a836d12,579.5,19
03da1c27ca77872ac5b3e568af30673e599a47a5e4497f85c7b5da42048807b3ed,488.0,16
03bc9337c7a28bb784d67742ebedd30a93bacdf7e4ca16436ef3798000242b2251,457.5,15
022c260f9ad58196af280c80a96ec9eabf6404df59ff1a7553b0f381c875a29ba0,427.0,14
0331f80652fb840239df8dc99205792bba2e559a05469915804c08420230e23c7c,417.64000000000004,394
024d2387409269f3b79e2708bb39b895c9f4b6a8322153af54eba487d4993bf60f,396.5,13
03864ef025fde8fb587d989186ce6a4a186895ee44a926bfc370e2c366597a3f8f,343.0,49
039edc94987c8f3adc28dab455efc00dea876089a120f573bd0b03c40d9d3fb1e1,305.0,10
03e5ea100e6b1ef3959f79627cb575606b19071235c48b3e7f9808ebcd6d12e87d,274.5,9
0303a518845db99994783f606e6629e705cfaf072e5ce9a4d8bf9e249de4fbd019,244.0,8
031ce29116eab7edd66148f5169f1fb658fad62bdc5091221ab895fe5d36db00b2,244.0,8
028a8e53d70bc0eb7b5660943582f10b7fd6c727a78ad819ba8d45d6a638432c49,244.0,8
030995c0c0217d763c2274aa6ed69a0bb85fa2f7d118f93631550f3b6219a577f5,213.5,7
022755c3ff4e5a1d71f573cda4b315887fc00a9e5c9ea9a847d939f3e517e69a70,213.5,7
02523f947272e18da0b01d70535ce2b3002a92bdfbcab4cbe123151081f395d6c5,198.0,6
03abf6f44c355dec0d5aa155bdbdd6e0c8fefe318eff402de65c6eb2e1be55dc3e,193.0,70
02efe789fcf1d791e9dfc9494b81a9aea7aa0c2a8744c66165d16dc47ce6b88b91,183.0,3
03b38f5fb693ae96fda9533c7ba45840c0afc4390544223a18dd676d858bfd5b15,175.0,7
02cdf83ef8e45908b1092125d25c68dcec7751ca8d39f557775cd842e5bc127469,168.54000000000002,159
02308c54b63e2c1375a52ce6ca27b171188f99e7c274eaf14be396289d93fb6003,151.36,7
0217890e3aad8d35bc054f43acc00084b25229ecff0ab68debd82883ad65ee8266,134.62,127
030c3f19d742ca294a55c00376b3b355c3c90d61c6b6b39554dbc7ac19b141c14f,126.14,119
02c91d6aa51aa940608b497b6beebcb1aec05be3c47704b682b3889424679ca490,122.0,4
0311cad0edf4ac67298805cf4407d94358ca60cd44f2e360856f3b1c088bcd4782,122.0,4
03fce165537aea120bffe8505876b44d5119354f825b3eac329b761fc5636bf334,122.0,4
028303182c9885da93b3b25c9621d22cf34475e63c123942e402ab530c0556e675,112.0,16
03cb7983dc247f9f81a0fa2dfa3ce1c255365f7279c8dd143e086ca333df10e278,91.60200000000002,126
03bb88ccc444534da7b5b64b4f7b15e1eccb18e102db0e400d4b9cfe93763aa26d,78.98,883
02df5ffe895c778e10f7742a6c5b8a0cefbe9465df58b92fadeb883752c8107c8f,73.60000000000001,46
02529db69fd2ebd3126fb66fafa234fc3544477a23d509fe93ed229bb0e92e4fb8,70.47,30
021607cfce19a4c5e7e6e738663dfafbbbac262e4ff76c2c9b30dbeefc35c00643,69.615,35
026bce917a5854f3c5140cc69c977d19a6d656554120b6dedf045b246941b858c5,65.86,178
02c12b5459cf107ee0440cae41902f1189db50fa003a077f3a6fbe6b5760218695,56.480000000000004,108
02ad6fb8d693dc1e4569bcedefadf5f72a931ae027dc0f0c544b34c1c6f3b9a02b,55.913,931
03c2abfa93eacec04721c019644584424aab2ba4dff3ac9bdab4e9c97007491dda,47.7,45
0242a4ae0c5bef18048fbecf995094b74bfb0f7391418d71ed394784373f41e4f3,46.64,44
0327049d8d63f0c40193cdf3afc61817c8647808a4e482de0716fcef74e6d92ebf,44.496,42
023e8b9d0c52dc22d07f70a69624e2457df5760ca0b4d87a5df460b08863f46448,42.400000000000006,40
032cc4541b25e86e39a7d450a979c1a9adbe2878df3a93fcb59c96c700bfe26aa3,42.129999999999995,25
02e9046555a9665145b0dbd7f135744598418df7d61d3660659641886ef1274844,39.2,245
03dab87ff8635982815c4567eb58af48f9944d11c56beb12b91e1049aaea06e187,34.5,2
03beddc8adbf7d56a7da15cdaf95d97b24d07088c3571b421c0e6f9d551a210342,33.05,2
031678745383bd273b4c3dbefc8ffbf4847d85c2f62d3407c0c980430b3257c403,32.86,31
03205b045b0126c0d3fb826a38b9befc4babf51689544908c704d8e51fdec75ffb,32.5,5
0391489a933ab83094d1af43b3df3e8c8d467474649361912f05211d0e68a28fc9,30.740000000000002,29
02725e5abcbf5550fc29e6b19706a1377f25d2b1502684f9be9965b6deac167520,29.68,28
03ee180e8ee07f1f9c9987d98b5d5decf6bad7d058bdd8be3ad97c8e0dd2cdc7ba,28.16,411
02d7644910e8a939e4eab67de96fe4fc7f88e52c9f8da79591c9e34db7266295fb,28.0,4
032b2b3f4abda9677bb9563e226c068d3a2456fb8b036635a81c9bcaa1671d1ada,27.560000000000002,26
02690881543d633f3a16c8ff97397f3f2e8765a15f5ac057d701243e5adb7ba856,26.5,25
0219c2f8818bd2124dcc41827b726fd486c13cdfb6edf4e1458194663fb07891c7,26.5,25
0205823109f3d6e1ac5f3e5ab41ab88bf463ffa7b59a81d07d8b688fb737e11955,25.44,24
03a5927b64b1ea8657d5b770d61a3e2d0554fdb5d568773e0d6a92907913ca21f6,25.128,24
0395033b252c6f40e3756984162d68174e2bd8060a129c0d3462a9370471c6d28f,25.0,1
038ddc73e450a4bfb52992b35be8b0f52e1a1b4726ff319249a3314a508b616cde,24.6,12
027ba5217fecd12ebb621e51b88b8c9640cce659bd894f4c8e820e09173826fca2,22.037,4
0374ecf61ed6c1208c42339f47decde2bc0c4393ac95f07827b3471e939d7eb961,21.200000000000003,20
022c699df736064b51a33017abfc4d577d133f7124ac117d3d9f9633b6297a3b6a,21.200000000000003,20
02e7c42ae2952d7a71398e23535b53ffc60deb269acbc7c10307e6b797b91b1e79,21.200000000000003,20
0314ecd09f2c9887530ed99436a20dd62607fa0fa0a8d0e2f630cf27f86e91e5f9,21.0,3
03f38829a9b9131e3a0887ca21fd042f2d07bd7f151fffefcc3d1585f24c1b3e7e,21.0,3
029a8741675c4c9078b577ddc4348d602d2fb45a12e6087b617925997a84f4c02e,20.14,19
024b82d69859d63f9fce375041a34e61f4bfd445494b41d873ae7505322323d384,19.200000000000003,12
03649c72a4816f0cd546f84aafbd657e92a30ab474de7ab795e8b5650a427611f7,19.200000000000003,12
0223390bea8aa598442d056ace37c07e7364da1341b3681c371f6619b2879c0af2,19.080000000000002,18
02c0b38022846c6b6f45b30031859ac7c5fb0c67ec8ed5cce8409c4b438c267ffe,19.080000000000002,18
03957c801187ade4aaeee6ca1e3f23eeb7413a84558ff1f3543cb41f5f86da609a,18.92,22
03deedbfee762a68a44d2587560507e513ac185908728aaf053ad4a3c096d8acb0,18.02,17
032c6b30d84a7fe254537ec1c00f18775fc6dd1d1de1e305b5a980a4c0d6a8e35d,18.02,17
024a2e265cd66066b78a788ae615acdc84b5b0dec9efac36d7ac87513015eaf6ed,17.54,14
03b2312fa65b43b9ebc6d824af6ac0ad2cee7a490fd3a79af25f7a77bdd6f25c42,16.96,16
0290fb6ecd5865f7a973e1d48ffbc2612f80f6a2defbd6a188928bd0492bc2847e,16.85,5
03012a23c769decc4fb40a92d5300692b576cb8dc887072580638b97911742554c,16.085,19
034143d1a45cb9bcb912eab97facf4a971098385c4701753d6bc40e52192d0c04f,15.25,25
029d50d59c78b81a39f4ca40b6bc9b89710542a31429b69aa075b91b587979205d,14.84,14
02c69a0b4cb468660348d6d457d9212563ad08fb94d424395da6796fb74a13f276,14.84,14
02f3069a342ae2883a6f29e275f06f28a56a6ea2e2d96f5888a3266444dcf542b6,14.84,14
0319fec13dcb6df5b6a0cee49e85b4f6c48e5387d62d67858d6d46615b6e683f81,14.84,14
02309f3556d51e9d855594762dcf68cb283fbfd7e48618b6cecb8cd90e2e34d8ad,14.84,14
0234c548106512a0b93b2555d2638bc2fed3e6b091f75298383356258996230d92,14.84,14
03c436af41160a355fc1ed230a64f6a64bcbd2ae50f12171d1318f9782602be601,14.517999999999999,119
026b105ac13212c48714c6be9b11577a9ce10f10e1c88a45ce217e6331209faf8b,14.4,9
0276e09a267592e7451a939c932cf685f0754de382a3ca85d2fb3a864d4c365ad5,14.066,26
02f3067188240c75beb36477db63771f66c976f7e5bdd6f6ace5508396aba24815,14.0,2
0348e881b4474d71c1f0825f54e3d99e487ece8a41f3fbf1c4de469833ab27206c,14.0,2
025cb2d324ae423d32984c7fc74edd7185b9fc9bd473d389f12483e3738d526600,13.8,12
03efccf2c383d7bf340da9a3f02e2c23104a0e4fe8ac1a880c8e2dc92fbdacd9df,13.794,6
022f3bfa1de8491bad95ea018b17d47efbfe713cd2da59ad5fc380198612b8954a,13.780000000000001,13
02262bbc21c171bc91a1d6bbf89571c95873849b9a60d3ea9671b777d852d39ecd,13.780000000000001,13
032271efcb35188ef00e3f28469a2bb18b50a5f2f325bd130bdac341af24e9b5f0,13.780000000000001,13
0317d6b11e81729192aab651174991a32e566786a7abb45b88898ed27e218a15e6,13.58,193
03295d2e292565743a40bd44da227a820f8730877bc3dfadebade8785bcf355258,13.58,43
0388a2cd707ac944a2b0c8adbf67c4a313d24b6dc2ab2baba842f9a9eecf925131,12.879,81
020e56a13babec99abdc2c4afbe34e1e44230d79b234c059fd4ff1e367765fdb1b,12.82,97
02d35ad6428b083d63575e3b0ce33e06c507910c131970b07dc194953b43a9794c,12.8,8
024655b768ef40951b20053a5c4b951606d4d86085d51238f2c67c7dec29c792ca,12.8,8
021d9deaf090a021c6e464e3becc5296161e8aaf5de3c7a1d517838cd74525834f,12.72,12
03a5886df676f3b3216a4520156157b8d653e262b520281d8d325c24fd8b456b9c,12.72,12
023f5e3582716bed96f6f26cfcd8037e07474d7b4743afdc8b07e692df63464d7e,12.72,12
02b63f62d2109b05deb45d18dde6c829d1df4825dfc104f858e5ec165bc6b11690,12.72,12
026d9b9c8e55b435f117496e6a885fba7bf76530a5aa6f8f61304f84f9a31dda09,12.72,12
02004c625d622245606a1ea2c1c69cfb4516b703b47945a3647713c05fe4aaeb1c,12.72,12
0200072fd301cb4a680f26d87c28b705ccd6a1d5b00f1b5efd7fe5f998f1bbb1f1,12.09,39
027c3abc90a51617fb9cf5162c2fedfd9832c620ef82b54e413e9ce0f892dabb0d,11.66,11
0373ca948ffd4cbbd08488c480aa7c43b57e9446c8ac6d3fe1cc92392e39e9eb95,11.66,11
0370cf2693c16b5dc1632ae69e4751a0a88fa8f5705d53cb4c9cf805e5ef57aa45,11.66,11
0251b2c9d22f3621f27188d8236db84d9fd84d42adac063b2633744638b81f34ac,11.66,11
0260fab633066ed7b1d9b9b8a0fac87e1579d1709e874d28a0d171a1f5c43bb877,11.66,11
03021c5f5f57322740e4ee6936452add19dc7ea7ccf90635f95119ab82a62ae268,11.66,11
02c1ac5cee87e4f40f24ea4560ab0e63f398ef5fb630cf50a0e2f638ce51e3169e,11.200000000000001,7
02b0172bb38617fa3afdb69664468b492d5a21062a4fa8b47284b0cc320e6e7420,10.838,17
027e8a9c0afcf99078d71b97fd53d53968ac376f9e1320337e352269c8bcc42b61,10.600000000000001,10
03e5df5eb4e8164c16d4dcc4d3a5bf9d4382036f758081b89c6825076d766426c0,10.600000000000001,10
026c7d28784791a4b31a64eb34d9ab01552055b795919165e6ae886de637632efb,10.600000000000001,10
03f259a1908e98d3b618c79581e0ee04295a55e2d61e609db40f4e6f38c526a46a,10.600000000000001,10
02f9c7deb297e32fc3d3d55f336176055cd667a2fada0bd5663e7413e1aba55b86,10.600000000000001,10
027ce055380348d7812d2ae7745701c9f93e70c1adeb2657f053f91df4f2843c71,10.600000000000001,10
03f163a59b2929b4b515d9dfd558f15ce23e95eadc109de013e6f7080d24644be2,10.5,15
037db7ce71ef503ed0e45aacbd346f3b1af40122d1d0eeb52d574711bb9a5bcf5f,9.600000000000001,6
03e81a5b8af31bc00a1c1c08419d3272b4982db02feafd739904df2edfcbdf6f7e,9.600000000000001,6
03301e633b25d769377bf75ce6b6ed2ec570270bc06c8c02bf33c5bd2aa47da098,9.600000000000001,6
024bd94f0425590434538fd21d4e58982f7e9cfd8f339205a73deb9c0e0341f5bd,9.600000000000001,6
03728053580578793c83d47f235b187f513dcddda4135e7764f53e40c6d2adea69,9.540000000000001,9
039f01ad62e5208940faff11d0bbc997582eafad7642aaf53de6a5f6551ab73400,9.540000000000001,9
03a8355790b89f4d96963019eb9413b9a2c884691837ac976bacfe25a5212892d7,9.540000000000001,9
03fab7f8655169ea77d9691d4bd359e97782cb6177a6f76383994ed9c262af97a5,9.540000000000001,9
023b7dba0075975778c820a56a157de5eed67e988e6c7edd723af73ad20e4463ed,9.540000000000001,9
0204a2b95b4c208383d7f02e741a8bfd5b5b7e8bea8d1543b1255da8342d9f2c6b,9.540000000000001,9
03ffbf7ef99f52555d40b3eee011dc6042541fa5f49629cbfb64f8c1730726b101,9.540000000000001,9
03434a39cd9a537c852fc8fb72454086d726f9111e9f730cef4985c39c11fae944,9.120000000000001,57
026726a4b043d413b45b334876d17b8a98848129604429ec65532ba286a42efeac,9.048,3
0332052748755d74b3395b91eaea78b53bd64b55eb031ccb6a7ae23ac445bb6af7,8.701,28
034cfb8dcb453372e8f13915cc770bcd7bb0f0809dd1b47c0c3b43b969ff9ff3b7,8.48,8
0267586e510d80fab314fbfa091f383b775646e7a87bc9ed8cd59bcded50405d6a,8.48,8
02a0bc43557fae6af7be8e3a29fdebda819e439bea9c0f8eb8ed6a0201f3471ca9,8.48,8
02de4ba1b08b2895bde816f012d4b4a5fdd797dfdf6443c28db183ca4a83043835,8.48,8
029afc726a18abc8dc75ef6c9ed34354c275261086597d98067dd972bd72965943,8.48,8
024844abb8efc3262539fffb66cbb46282324894212a13bb5b4c7cae96744e5a97,8.48,8
036a33e92cda2679ac91ac0467acb1ba33396c0df1119521653e0f269c275dd6bf,8.48,8
020b939e5146cf4ead29e64e9dfe765277ad9c623d80160a2aca204f3ccd550567,8.4,15
020327bbd6b7ebf577a041e24cbdc0b3ddb6ec4a2ec89e271260fc9d6fbaccc80a,8.38,7
02c5371591b640da03f9a645e2ddfa5620d8537388b03ddd524d36766c0f550db0,8.235,135
03a76b80027d7c067e0da77da95880faaf89e9bf87b73a7d57bd4a3f2a124b764f,8.16,136
02d4531a2f2e6e5a9033d37d548cff4834a3898e74c3abe1985b493c42ebbd707d,8.0,5
033613d280de1eba995c7545e93caf76cfba41bef88c2d6732a67ce06c168b3acb,8.0,5
0237fefbe8626bf888de0cad8c73630e32746a22a2c4faa91c1d9877a3826e1174,7.72,62
039d510570ab6e65fc8fb1f9ada5b63dc0f703a8d7dbde2fc11fb6f1e5810f6bbb,7.68,12
031d2bbc75802689312220a017c6b51fa246efc59c7aa9355f6f7395038ffb4d6a,7.55,91
03321fab5e3db6c378e23e9cceb522325dc4f6b0c68819944569128d34cba9cca3,7.42,7
03f9ceb115a119594b4688ceed35feb80f33a3dd0f5cf688a7493c1a7217633931,7.42,7
021bbb8db00487ea8cc040533224f6bca1dae0b2aaf5489797eee16ebd2b6ad00b,7.42,7
0358327cb80ab2a8db36a5924c62966c7b4a753045600df594aa3863ecb618cc5d,7.42,7
03a6f9139dafd65a9ea12abeb0d11a46301b116992fef4f8064f0d1d415e14736e,7.42,7
032c4b954f0f171b694b5e8e8323589e54196b48cf2efc27692513a360cb11d76f,7.42,7
030a4f1cb85c463a4115b78900f0159192f033324c12c88aec931b16b27abe22ad,7.42,7
03038c30c32821a3f61eb37d64347575bda0c609fa0b4238d45a138947e1f4edce,7.42,7
0327e003e3c742db9a77f436e672bd42bd4a302ec0f92f0486c4fe09143bcfb0b9,7.42,7
0320e5b9f19a1c4dc22ebb751d757eaa5843262cd55a0f1b0d13cb5d445c5c78ae,7.42,7
0330f0afe893e809d8790b26b40d9353f586ef0894d4ae704d06be24538c030457,7.42,7
02cb2677db78e50a6d178092bf8c9b1f0e7d4b9a2bed918bc3f276c89c1649ba5b,7.42,7
02ab9dabbf646626d32863e9dc81560e48681d2a49e0da3fbb4b4df11a58cc0fd3,7.42,7
03f456e8c3479654da4498b64c1aa80656a33561d52f3444f5930f5c4a410a6fb6,7.42,7
03fd301591b3809cbf63c94f159623d4e97b23703e60422d674ca6fc584b27fbe5,7.0,1
02a45def9ae014fdd2603dd7033d157faa3a55a72b06a63ae22ef46d9fafdc6e8d,7.0,1
03f8ab9b7496be92ce370e0224661d5d2de80bca8f505d66f1226d0e6002007d2a,7.0,1
02a5c7b9a2be3ab3d8c1647f991bf5f0757651a0b92f4133dc31e52b3315881adf,7.0,1
023c1f3d0efc623da2829a41426b324245133f99840363435c2e98086de3494bb7,7.0,1
02f40890af885da4673f0ee9725ee74bb2c66d6491cc4334056a2701057993e61d,6.720000000000001,12
02f45d28f3477a408d0d3e18a6cdedae9d58df18cf271ac84a0ce7d00699f38d19,6.5,1
03a46be38d068c2bc5af3fc13da840790ed5643f3d6d27e5e34d67ed2aec16ce67,6.4,4
03939ff69d65a13c4bb2585042e7eb7e75a7c77289ab5794d1b973721d86c6839c,6.4,4
03f47ba61341a704b0910b6d1fc8a938bb97152e8df94dfc142816d2721b5d5c73,6.4,4
02f6725f9c1c40333b67faea92fd211c183050f28df32cac3f9d69685fe9665432,6.4,4
027c3b1cc5a649d5f6f7be2d591e34c37dc146fbed54d7f4c85898f9330107fe1c,6.4,4
02e5353624ec2180f6fd1b584dea493b91f982764db8e2cf520a0f1d18cf0f9d7e,6.36,6
039401f72bc0d40efb58b01de15527a2a5ae1943d7c29067b725a1467a93c7e66f,6.36,6
02964c50e89786896df7e5d10d7bb6995b0bbdaf891ff24fbcc52b75aae544e514,6.36,6
0398212beaa280eabc2223dcacf248496c59195fea23a7684888cb948baa9f38e6,6.36,6
022457e61da38e1a7cac56a054eb0ef225d84dfc6b932dfa119ad7fe6fbecdb71d,6.36,6
02b414e4e29a685b8699152be47a0420fa3c8ab59629d2da2d6c0a95c582636350,6.36,6
02445ff6a24e69242d6f6f38e1b7e8ae9c01eb9b660f3daf3304cb4b7cfeb79a99,6.36,6
037172d2110c4148d6ed0c2790ec8be948458022425dced6794fede834be92af36,6.36,6
0384cbcc619ed15a7b0d3ef1dabb7adf554ed58ce93ef3fb82bafd046e82f4fb97,6.36,6
0232dfb488b67c20883a1dbf32aa0b65f326cbc0cd6cef424db7acfb7f514aff0d,6.36,6
02354f446c12c9759409f533cc180dd400ace7e2efd93d4791c6147a883ca37cf0,6.36,6
037adcc69c3bc426516184dede4078dfa81a0d8131ae95b37d90e68edc89731f41,6.36,6
03487fa0212243e20cb6504d5b93a144d0bc4d83d3d8a083691037a8892f9e5522,6.36,6
0215f33968047401f191b2c3203ece6d5781ca7f2c018e7795d5e5ddc05c8b4ebd,6.36,6
020de548b86e373e795e37343c9ef6f972d45ade479cc71ed5a9a7dac2588d0a37,6.36,6
028a2f0ca33134cfd5f655ed942ddcd9feb4a879831416bb23858d1d60154b0936,6.26,21
02731b798b39a09f9f14e90ee601afb6ebb796d6e5797de14582a978770b33700f,6.204,26
0256e4c629fb563485762666512d3c1f3d8bb58ba39021aedfadc9c89592b22180,6.0,1
023216c5b9a54b6179645c76b279ae267f3c6b2379b9f305d57c75065006a8e5bd,5.917,97
02ccf167c482cbcd41c9a3ff3fe05504368db8911319d7851186b097a509d912c0,5.9,15
03ed88bb37c8c53c509d9a355e5a103614ebd30c98b7895ea4ccaddee262db190d,5.300000000000001,5
02a15d043069892b1f93bdf4bf0160447afd61f7f23548bf1c56d92fd9744281e6,5.300000000000001,5
03d13612439b12fa96583ab294461e07837729769cb62d3e9f792a0a3dbb18f6d4,5.300000000000001,5
0204e5a5ff14b090c1210cb99e7e616f840e0ef1b08fc9a268d13b7a2e5e997845,5.300000000000001,5
03f78684b49e125d73c1801b3529f7d663f08ae7e1dd5db416fe69d9cb47b1c50f,5.300000000000001,5
030043d0a2cfb69d80867094eb030f8abde7a5dc36e1a0faece73e614cf779bde8,5.300000000000001,5
038b36a43c38f75cd15bb25394f1cd162f717df005585229182e62620db9d3f3ea,5.300000000000001,5
0384d130bfd760b6e9e1155963558367533552ef971563a72c6c5cb117af9db93d,5.300000000000001,5
032d4baebebfdeab7a2ecef2fbe109cbef10de95f05aa54090fdb687789547dbf5,5.300000000000001,5
031d244a60d61936834f290656cdf0ed4b9979260c19b07804bde681819f8e14ca,5.300000000000001,5
02740c62f38896511eb98479036b06907fcac283f62d08b756a1e25fb55e3f6772,5.300000000000001,5
03f6909c9c7f32df56567e7b8169c58dde716d341dc714b1596e3f4d5d647476d1,5.300000000000001,5
0212864d59d5a902634c4a3186615446e9d56c17b14600f3b74fbabe3509aa707f,5.300000000000001,5
0348eb55a7cd2332c3bcf5cf1bd81732d96d99caa56290de57eb02fac3c997d217,5.300000000000001,5
027a0eaffb8e103f9059d2d40b7c2d8993affc169168ca1808f752ee36ccf196ee,5.300000000000001,5
0354fcd9f1554f3505238e1b3c29223868953730c30b6565ad482dc31e90bcfa93,5.300000000000001,5
02d87c093848fcc3d36d42d0dd0c44eb6dda033f399783a6a78d93408bf4227851,5.300000000000001,5
03a8334aba5660e241468e2f0deb2526bfd50d0e3fe808d882913e39094dc1a028,5.300000000000001,5
02d98ee97760aba8124606c177d0e4c246fc6cd7bd8f8bd3857f20805a62ecbc26,5.300000000000001,5
03a21c0c2a4fdc1179f07710c32fe49804d3e2b0b1bdc760dc11cbf116da3bb363,5.300000000000001,5
025537b1ae30299f02714199843650b58adf2ff59a013e40e56bb1330fefbe99df,5.300000000000001,5
03b1be68b8f564fe53f5456cf4bec901ba968fb72ed7291279ab0c87e0d22f1f49,5.300000000000001,5
02c864dcb28ce0c0ee0b395f7bc047eaf12778912c1d37c42ead40adba36cffafd,5.300000000000001,5
02628d8e2f33869db7417c8da48947d441dcd839e0a3ce5e91f9c790d1131cf9f7,5.300000000000001,5
03d24a4d2c8841890779f3c788cd269d467ad8ff8fcfdc21c8ceead42c7dd7f04b,5.22,87
02cca6c5c966fcf61d121e3a70e03a1cd9eeeea024b26ea666ce974d43b242e636,5.2,4
020d41c5a32f06d7addc7378f2d4a6596358d8716a3eb5d5bbdd894a82a1fdd00c,5.132,35
036b343eb46c5db996d3d1e2c6cc9742cbfa7e3b4146d4b4b0aef694b6d12960c8,5.069999999999999,11
035ee4232e84202c4c7a70f479beba74a424b7ee6235123400071844fa2efedd7e,5.040000000000001,9
029aee02904d4e419770b93c1b07aae2814a79032e23cafb4024cbea6fb71be106,4.94,24
02c58cabc78496cb847adbe4af654b2b0b94c54aa829840edde7777897a57e9db3,4.88,8
0283065d6d5b1fbeaa1f21e62755b4b834c4fabd2765d9522f5a79ec216fec3013,4.808,8
035aef5661e1a6e370db60dc0455796800afd5b51fbc12a0a8b34836b15f5d7ef6,4.800000000000001,3
022a94ee8d3b1dd52066b33a46a8f1f7ed0d4a9dcf5b0f310ce52e94a392a79299,4.800000000000001,3
02f8220c901057c536fc8b4fdffd4f88b8ddd9cf811af03bbf85dd2c1eb25a7262,4.383,39
029ccbe1f4835d0fd4258d215a03a3ba6860ff2c49ab58b9207aa27455c5d1815c,4.26,21
02a67fe8864f59d9ec443a9b4a70b0e12dfb791ac2307a460f6ca94c1bc9a1d8d4,4.24,4
02282cfc83d4e4ac088a654184be62d7de0be6298e83af39431f9598c8c5631c09,4.24,4
03c1a4a429bec19c8f86b799ebb06583188f74dd0626f69f8303ff7f53cdc51110,4.24,4
02d7cf25ef92bd4dfb6aa9a0e7d955a1225c5f168328b771c6d194fec359302d30,4.24,4
02ec7ef744397834c3015fc6486ef9d5d51820fddd42d951165f74b3af23591f17,4.24,4
02ee8c98a78d8061f6c9c09a9b36b05e02e03736609ea5e5eb8afdcd7f7163c50f,4.24,4
026ba4fea7ba82e578ce294bd168daa25f7950db0409c15145036f25c905ccfd9a,4.24,4
027af98624687e3f6a51683344852d9eb122a51f49477434fe7392d1cadcf50539,4.24,4
03e0114d95ad6e7bc8bb8602fc27d44105527252952ae2aac197883b661d7c8153,4.24,4
03f006cd6c04920a63902df45be3baa4e7df82eed9c1e7f46e8441d57199682fa3,4.24,4
02b4cb8be9077c3b14d6aa575bc94adbc0e08f9f2dedfbc5774ded9095079740f0,4.24,4
02e4aaf7c4f4b8ccb105ddf90ff991a76d43a2b732bac12dda043add4ef51846ed,4.24,4
03961c8b69c7e8e52a49d3f563d9b6160a2a235a19c8bc7eebde35fb3ae6fa0c32,4.24,4
0314dc1c496290a33f8fba3e78332418b1c136d9fb2a14d4a181e3cc9a653ee2f8,4.24,4
030e387dbd1eb8d31f721cf0a055f6b986ddeb0e8091bae4e0baad713e91d10209,4.24,4
031f8400b123834edd5736de9aac14ec0d77c11bff27f5a6eb0da5f6ce66ef0975,4.24,4
03785c99cd75dcd0b3f2f4cedc5a82e108396abba65f107e97d93e3fdb212d38f4,4.24,4
033181a72d4d61c6f3138240d98994e9553726bc65c892e9fe7a7b728a54005a36,4.24,4
036f709187264df770bd453270a95b579595a42cd89eab2ea437dfd537048a7250,4.24,4
0336bf99875b31ad9d78f2788d75bcb3deb52ff71ceac1ed96c5a6ff8aa3a429b3,4.24,4
0246eaf6812013fb860306943f79a0e4fdc5971d5efaeb3cd58049545803bfb491,4.24,4
0392600bfeb472a7757cd911bf64929c5d73b01e39d425f9ee6c86f8b5969f4a34,4.24,4
021802799027508e8a8bf9a0ab96ea78a6a995926a0b1310561a74375a06e14de9,4.24,4
02b3877314aff657216ceac039244fe94e7116af10cfffac0232fefa5903c62a58,4.24,4
02d362505e2d7201a9ba342beda0ace7bde0ef24d60ae9b5aa43e21f13df9f1968,4.24,4
02a3f6b694fb61c9211652340e5a5b0eeccad88701879ed1020ce5dd476c3e9691,4.24,4
02e389d861acd9d6f5700c99c6c33dd4460d6f1e2f6ba89d1f4f36be85fc60f8d7,3.84,12
02da8d5a759ee9e4438da617cfdb61c87f723fb76c4b6371b877d0347abe953a4f,3.5999999999999996,60
03fbe1c1baedbc99b2642ae524d9c2a6f12b771a3ab91e0f56ca6efc6f7f7d53b6,3.54,3
034955913a44e335be62b4e9ee33be036f72d150302163d2cd02ae6546ce9ce899,3.4000000000000004,34
0269b91661812bae52280a68eec2b89d38bf26b33966441ad70aa365e120a125ff,3.36,56
031567fdf33cb9b4ab081019199295ffce38218751842a403e9fcf48778e4c3022,3.3000000000000003,5
028b2c9ed9427b31db21ed75eac119b040cf3e9bdbfaa378cde8561cf1274b4228,3.2190000000000003,3
03975535656e13c2b0b534f601d5f1f6d9ea4b13745604e8619269fd00ce927ae3,3.2,2
038d0543c2f838fc6229bd7b80df46d8bad9f30c874ee3ac4578c4ce6f57956f08,3.2,2
031ad40e94278c0f90284831a4335cf59d17e5de12c249e7ecb3c2a4901fc435b1,3.2,2
0265e5791c617b6e1dfe04137e71c0c959201592bd7fe3f1bb085c35595b72646c,3.2,2
03c492f46d8e0a6256bb9c5c42f2aed24717f70a3f39e0961419dee511688e3110,3.2,2
03f810ac5ca2edf9e7908b4edf98411a26b555d8aee6b1c9a0a5ad62b9359aa546,3.2,2
03587466207e0ff2787d23f5567ab666436f04fc0df7c996b69701b7e77900993e,3.18,3
036ac04a69f2ab587fd83c4f2aca255a81f138276fbca344ac3ecfae28d733be56,3.18,3
028556f65ac00347b2fe28fe9097754596dc4fe1364d693dc3a9be3dccabec3240,3.18,3
03ec167b8086f16f76f8e723b253089b3768f063be9013e47c00078fe1dc3c878d,3.18,3
035647243fc3ffdbf972133a216c9222e76aff5ed12c5f51ba1da93b8d6699113d,3.18,3
032a57d7e327f5be21d4fdc12b171b49a75a19b34af428699a7dcc06a9889ffccb,3.18,3
03277a99c297a53859b42a9bb8cb2c5c17b9eaa44509bae150e2ea35ca5aa29bd9,3.18,3
022df3659d511f156e3ee91ef608a095ce3399234d374c7105356a36a904469372,3.18,3
0377c9f9105f3decdd06962f164001982de9f26a28b1f21a1a9ebcc160d13e6574,3.18,3
0251325d14723f7c44d109acad89e65f5285d487d9ec95a7d9ff667b48ad1b3efa,3.18,3
0303238e8f3e25a49da6c909452e320130f3f45e474df08dde7ca9a25f008b2b87,3.18,3
02f862c6087fede397ef8bf09eb4f76ac1b220dcb73aa3b4a41bfd00a2b7113162,3.18,3
0292e8060da527f77be1db34a2a9f0b0baf158094e7424970806d5c9f90f4db312,3.18,3
03aab2f1cc92dd1ab8e5052e796b87e01ff1a2005805ac5608075cd0b2b5c58428,3.18,3
026ba13a7a31fb7bdf7a5e592a2d82668c17d133dd9c5bd295ac1c199ccd3eca0d,3.18,3
0361373e89c24abb40998754e3d313543f8308bb254cca965eb8c95c9bc6c2736d,3.18,3
034a0fa8e6d83688f3e19c2bcb93fb9d6f366d6c937dbc3c744cb21db6e093958b,3.18,3
0354d8382003663d8d825954224f80dcbd740b5031c5a588277a20c75586d41053,3.18,3
033cfb88e57bf05550bf461878e58b08a56c4f7cc972b2428e5a35a70a0d2b25c9,3.18,3
031ac677972619e8e0a1b40593e01b04280dc4a18a7a9b5cb7c6e8e2673e31f644,3.18,3
0299a2afe5137f52575e10260c0deb691d6dd6aa3cdbdc59b2c0e58d0ed3407f47,3.18,3
032e42afae47fafc446608e34d42c4483179014a49aa409110108cb00617395910,3.18,3
028b3ba3aa14be49e5096758c2b062114251eafd9a3dec502c64f3f079322672cb,3.18,3
02f9f2ef60e438960698992ba8ab9b6f09cf2a5077f261e5cd7ee5cdc154fffcb2,3.18,3
030ba3e4b6b3f8cbfae2ff7b243bfb12a2208afd17dd0fe0ab50e5b0c1212bb83f,3.18,3
03cfea6e01d8735d29863d0ecc0f637e5da25c3afb1894e6cb1c25cc9c52dbceef,3.18,3
03c80be3937717b502e66dc6cf8ba2881c9e68a8398bfa08c2866babfc88a729f3,3.18,3
02ec4882d8a0b54f20b46c37f4a166f22a52e19da52e2ec1e1d792c4106804bdcd,3.18,3
02ee8c40b64c2bd14bba4a7a7a80b06065f3a683b2f02b9580be5e8bffe201beda,3.18,3
02df6d3454bc4c0cdd9b6e5f04451f53c48d22300d3066cf4a8fb49effd025c0af,3.18,3
03d5f864a400e9ffcaaba18ce9c51ba266ef96a5d764e732197575b3bc7ae85a1a,3.18,3
02b8db36a01866d78cba98109886495f3c13c4b3668a8328b582a0c4fa460b4e8d,3.18,3
03f02d965aea25de84613ad2be36573d2bd8c6d6dd47d9a516d233098c281d3ae7,3.18,3
02aaaacf06de5c658fd1544301fe9e41670d079e942382d584db9a372d504b72be,3.18,3
02cda8c01b2303e91bec74c43093d5f1c4fd42a95671ae27bf853d7dfea9b78c06,3.18,3
025ec98aec0297b115008e29628762a6f9a6b14fae97aeb53d63a86e193374852f,3.18,3
02536b5baecd44a5d3e2fc85c32b9c42eb6f8a5ff4e5fa515d0acab9112d58cf75,3.18,3
02ae3c06f6db6a87ea874ef7ba86c87ab0041eabf6d8be0594582505b1fd5d7ee8,3.18,3
02c39f43c8fbdcac05b62e92b9f144b9719de14f39e6714a6a67f67aa4872c67a7,3.1790000000000003,3
038118e0490f8d3df07b6bdc5e7034dee90d769012764d31bfeb167269866824f0,3.1769999999999996,3
03f09c85dae5712b682d28bf2bf558102f3e5a6d27ba2a1daf8da49984c8ca53b7,3.0,50
0335f1fcbb62b9490d0b4007fa158669e42f08599149b2cc54ed1d36888737e6d7,2.82,12
024a8228d764091fce2ed67e1a7404f83e38ea3c7cb42030a2789e73cf3b341365,2.8,2
0207d58b94bd3946bf7eb8c27cea6cc29d147485efb33f284894e59062592f398a,2.795,5
0213cac619573fc6021aca72ff023e2d8df65a6df5286c3d52947024cb1332dec7,2.56,16
02a54deb8d0f11d47c6f55cec5e673063c9fad2619559e8d87ae3eb4c381668449,2.404,4
02e2670a2c2661a9eea13b7cfdcdd7f552f591b9ee60e5678b7abe77b7f9516f96,2.4,40
037eb17d0fee2d20bacea3d78940b40f4ac61a5a7040a23b6e8280c80d7ebfb420,2.2199999999999998,37
0321ad07ca4a3e590830ea835844820ea08b0e8d2e7dbdc32aa98e801ab9fd862e,2.2199999999999998,2
03952f8756c036669440e06c782c7f21732886ccf04052e0e6e792f8f5a490f6aa,2.135,35
03f9d34e9a5564064730e76b2566b8185725fe5143dda6bdc35ba940687f9c980b,2.12,2
02b60ffca21d6c5fb784c5e99d895c6cabfc467f1233da38c158accafe5ed4c859,2.12,2
02059220fa2153fb6d7768d7d67c6b86f441f83b7046aea492f2018f7b800edfa9,2.12,2
03c613267a1745d08984621be6a710487cb97eb595f7672a550cbd10a6f70c873f,2.12,2
029eda74de66b675354054af719ba9e8f3f8954f88e2a8bcd0be8d7d191e9a11c1,2.12,2
02f5317605dae7b05351696f20f191e1c4c2a12d3228ef460b65b6b7dc9ad28bb6,2.12,2
03a5fd566492a69f3653ca464c23d8678ec19634c440baa9a1366c9b39c89512cd,2.12,2
0215bea618806194ad88b80de8bc11c6391edb2fa1beeea6174305856596faeee8,2.12,2
03555a11db2e0c3a97571ba144076adac8513d68a2cdf19580e2dcc54b25b78a3a,2.12,2
033ac2f9f7ff643c235cc247c521663924aff73b26b38118a6c6821460afcde1b3,2.12,2
0279213a94ab9a2077377a4851c740da4b32fd8786d9d070b0454fc15a71e14afe,2.12,2
024cb8d75de288f7b4f36acc8877c98dd48e5174fe8db35a9c2331dc8ed76dd204,2.12,2
0382ff7d87ba65b027f623386ea08b980fc4b688dfe7245aa3d79b81c18f6ca8c3,2.12,2
03a3ed01180122827529d364031b607148d882984b6635cc70b29c62ff38d9b5a6,2.12,2
02ea01e2476f9c6c69f720e369aa302b43e5c101423d7a5dc9f0e5834d1b152fb7,2.12,2
03ab2157b6b046ad0f499d3b6552acedadeda7a09c6c3542df52efc2ac8d756b0f,2.12,2
02dce7cacb2827e75b31ea694045c3736a234d629483cfc43eb7d9088c89e0c803,2.12,2
03ac2a5d7df493c67195067dfb38e7e250c89ecb4fe5c2d918fc31fd9a08695516,2.12,2
021e6d24ce6ab022428b8f047ff82d6029d779cd3eed2e96254444f13bdd7ea796,2.12,2
02222dd443181165571d236af531295e61212737507aa1cb9a05c82646ff3170ed,2.12,2
03a511c490430787699573a9de1987881831e6dce1077cfcd2c52c97c9c94f5339,2.12,2
039bcf7778ad7b14cf5974cd2705b06a58a8bbf564ca1df4791100f81104716624,2.12,2
02f24b1e34fd87719377d6aa74864988e23d7b0c80dc6a631f7afd3979fb09949e,2.12,2
02c1129d1788b698324cf22ac52928a031abc23389ce62c0c45a2a9457f0e401e0,2.12,2
02235e7e27a75a9626f4d6cee16ae1d75e6173227b1c7ac7993e036ef1f695a73d,2.12,2
02ba67b33fa997a807e73dd9530695767e36ae9bb96988020eeb1593679c06a8f0,2.12,2
02a94aadd09055ca615bd76aacb6bba748ed8a0d2e5924aea643e3dc3912085314,2.12,2
02cb99408e3b55fbfb335a47b8a2089f8882bf625750819b751fcf3fcf5b79fe98,2.12,2
03c1fed0362d189345606072947a5b9594ced619d7df0b30dd946f5d4010c676f6,2.12,2
02c2d7e11f38b46c863a6718d19d49f52e0859ddd4827192a7fd9d25ecd61657a4,2.12,2
02be8a7c6e669047bafee5091fc65ecc00bf035eaf7be5774da11ffe7f171f1964,2.12,2
02b974116054be17576e6e8ed4110422e5a9d8775156fd829aa2eeb8aded87b290,2.12,2
02ac68441b9f203eb21d49bcaa7e932c7d4260f1b8cd504c01d6e67a0d0949c0f7,2.12,2
02b2bf1b75301372ed16ea7658af0d49152e37760c8951e25414dab316fa669417,2.12,2
02a4aa22327ca4f511ebd22b72d6b00ac3b529a7d4c2de7d8ac939a48371559e8e,2.12,2
02480676e5bda7b6c902e316c5c57b14cb7a855c287dc927f8c42abba503d64bff,2.12,2
02e6b17c5a7a2461df38d0a571d92660f38ed5bbc847166ee655a1d0f83c1aa5ac,2.12,2
030d609a79a8a0226b9ec3d76fad79ddcc7abcef9f65a64b46d8bbe2fc6be14705,2.12,2
0312729bfe8c02a1189a94bf609be3f44e7e30f581ada3429925221915d5d6cfb3,2.12,2
03ec0c1e45b709d708cd376a6f2daf19ac27be229647780d592e27d7fb7efb207a,2.12,2
02881a55acfe466dc3698abe31f412260edeff067cafac8d5c26213a7207f19930,2.12,2
026c49329e78135c5c2c479fe48b711dc97abd6a6f9d834b701cd44d99d6d2378e,2.12,2
0238a07a15115cb7e8e9b9d0588aa1f410616b2467593c9ab610cea745f24ef480,2.12,2
033ec518c6ad5b565a89215d9f59c9d6dd2ca3d757b4c8fc4ea28eeeb0996ff837,2.12,2
035f4a5671b2dcab14b3e610ca916e9864c3203b8f4bb825cd8b5732e02f864034,2.12,2
032a438e14dde2082aefd287d52664d3ac99c395a99d5e6a87f38778515fad75f7,2.12,2
02310841b34230632b2e8185f9429dbf27a463270cf049a66ce2d56b524b283b6d,2.12,2
02910ed1666b4f1df6c53574c00f22c6b19df69895c048b5d49cda9a20ac3d8b52,2.12,2
0232f15308269dbeeb8c34e1f5d4d1c297497c7eefe85f8afa7c3be7c04843d06d,2.12,2
038f91252ffd1b1f44711ccb84ce5509039c67fc178800f26518f4329c604fad18,2.12,2
038e5c1c9b3892149c05bfb6980c5f250a362691ada5330b6c45f2e37ba5fc7ca7,2.12,2
02927ab17049257f50d909d760bebc80ccc267edfcc1346430a04de9e569b1e190,2.12,2
032060a40a94dc7b848d02314e4ccebe20f451dc87f28c1ed685caa58bfcc3989a,2.12,2
031157d786ca2fb7b86f330366db3e0bb6925b336d285ed40705976eaa68ead610,2.12,2
03317598ee590de12b4e267982ba2b3250cc6059549203b6d658b29ace439c63fc,2.12,2
02396bf51e81f8f67eaca3652271b4fe8d3f57bedb9578af711606391c5c66760e,2.12,2
0290cc884704073b2b633f69f852e8ca2a37660bb359a1e861f2b48760c298ac53,2.08,3
03f18da23535adee245903c81750745197e3079d3b88b3898981c90a5f2411008c,1.769,29
02c16cca44562b590dd279c942200bdccfd4f990c3a69fad620c10ef2f8228eaff,1.74,29
03b1ba0b913b793b4de77c9fbb5ed3bfc3897e247113b3c2d7d34fed0895ad4e1e,1.6,1
02d1a573d26567d50bfa2b808c7ee5db68f5f41f8f18e2d035f8e8251a6d30426c,1.6,1
02abbaa2bce7a353ec0624cfb91d19a3a6024d9bebdd96e79e6f289ea6915790e4,1.6,1
02b67e8e5cdb3d80dc38736ec0f6378b6199a99d769aeded2c3460f548de8822d9,1.6,1
032b98bbdd48ca00300a627355900521c9302e6df363186a74e43213bcd3f781b2,1.6,1
039044f8cc91c1069f1747fe237fe0e1d626abee240eaaf3f9b21b99fd9c8231c7,1.6,1
0394396e6e8cf8d9f91de4269dfd2e8416b93b91cae6139057c7283b463e4bfa31,1.6,1
032ebdae3314f072acd70e66e18572e6ba27f96918009369585e7cdcf36af3cf9e,1.6,1
035d78f9199f1fe3bc8fb77b3ccb987dfab0e86658408b41da1f6887bdb9706497,1.6,1
020f49831fd13556e5b03239df888ca031edaebe5b4efccd52d2f5c6742a743ad6,1.6,1
020ca546d600037181b7cbcd094818100d780d32fd9f210e14390e0d10b7ec71fb,1.6,1
0206b61ab11081093c863f91e7be3f7d7f52e4c122f8ea5d5171f5078a476c323f,1.6,1
032b12c7415455a1000c43a56ac21dd72472e62ca7dc456f4a66bb8463bf8bfed1,1.5859999999999999,26
03c4bb19c3a388d790968328b0f0d187a1a28597d3ad082200a47baadfdb6aee8d,1.446,6
02d11c4c4f986ff547288d873f6a33758aab744927355b01272ee560a3ba44d01e,1.342,11
032b71cc07ea5ff346e7ce9eddad0b55d7e18b788a1e6b4dda3fbd3a7ddbf79bbc,1.2,20
03345d99a94e2fc8a69698f8bbec6bea5a4e8dbaf8b313085bb9710f6014765e45,1.14,19
0384417e479afb21bff425f467382f9c064ac08bd422ea36542fa6799e026d77e6,1.12,7
03eb4425070e2d1f3ce13c550e8e02307270039aca1a0603b9c56193923cf66324,1.06,1
03e90fd715dd766a0ed532dc1ba45e5fb913b1dc29d5afd9b700548d98d53b598c,1.06,1
03e843665ab212ce90ceb6a476fec5d9724013542f8ee1df52340c682c03a67db4,1.06,1
03e87608a34b8d715c0e49c7e8a2adb92fdf496e40a9b1fab2f0ecb32b502714ce,1.06,1
0214ec84c84827dd4911de56d2ecb77d367c6f24c658b8acfe4826b01968e45594,1.06,1
0288857f430273cf9ac50c55e38d9505d1dc9fc0ae14bf4fe4b3cdacc11ad1f8d8,1.06,1
03551b474fc05ee3196fc141a886b1f141d0b1405171de86e5d17cf7a8ae2c48ba,1.06,1
03ed28a7c2654fe6d654ef39d6d25d87b6d0daa5aa6c03717853c73101e5362cee,1.06,1
03fcf7df6900853b7b233f695efb2be5a45da9c9d3ea6cbfc6c2e74bfb6a8aed80,1.06,1
027be9e7e2bc7ec87177ac298c01517ef46f979e1e3acec46efcf7a6f1b3ddadff,1.06,1
02083e55c359ad6d423c0f63821f3230c64aa9089b81c6cf7702d3ba6272ff6c96,1.06,1
020c7f6d847bf0fc99418351a5c02b0d36babf833f0613216dff3e808ebedea656,1.06,1
03f67075b9baef9f6de52453ec739cbd2717a653ab003b9501b1f6bd467f8d92cf,1.06,1
0219cf91de41d70a8f955697601ad5d18cb068e84060f9cbb7aa9dcc4138e1d9af,1.06,1
03e5a594f574f845409d474c105c5d233291f94d1fba4ee6a4de595c576bd2f4e1,1.06,1
02868e12f320073cad0c2959c42559fbcfd1aa326fcb943492ed7f02c9820aa399,1.06,1
026fa850551bcf59d3b78d04248115a6f032c587ba8084057ec0761f2a68846d36,1.06,1
028686d520cfdc8f7d234e879ea6fc7a963009afbcdafd0c40387e1cacfa1173ea,1.06,1
02862de4eeb24594052ca26c0188133f89d172edad1bc5b59e740af3764c89aaf3,1.06,1
0364e8c300b4052baf18b1db5d03f3b8a831794aec94174b93b7acfd1e79fa2cd0,1.06,1
03634bda49c9c42afd876d8288802942c49e58fbec3844ff54b46143bfcb6cdfaf,1.06,1
0238107198ba9e0e5fd5a0c67eac88e3633072885397c5925205891f8985e52078,1.06,1
0348211ee76f3719b360d3ec33ab58f6ba2702ee8b5b579c4a9df6f9b78db70223,1.06,1
034e2d76ccc789e7a79c4fc395a1f5810d614a361df7daf0b4647f976eae932d4f,1.06,1
034a6cbcc24be5ff1a3777e047933898ec6557ece040982cade99a47026c7f86e2,1.06,1
023a5d8df324832580f0815708abefc0cba23f8e7cdb39b9f847fbe6603e68518f,1.06,1
02425af7b5f27f324bd3312bc19b58ef9dd40a6a7cac581b70e0cb2f3e31ae77a6,1.06,1
0279f930a60afe43131fd3328ff4a9c55293254c328f45e76695c1ab9b3c5a68b2,1.06,1
0361c37f8b01ea5f0b926abded5ed0300d5130a0654b0b5a4ff6241dfd0316cc15,1.06,1
038d8ad0e91f31388608435fe9268177db539802b9f3e325df023e2cbffd9a1cf4,1.06,1
038c4288a41c79e47f37efccb2a0e1deb3b48291a7813f0be12179f9e84a4c6d35,1.06,1
037fa3a69a4d93910c804dd9d05e45a57c139141d1e628d5512f3f31af7d697aa6,1.06,1
023b4a4d6a15556df1c487edf078b97ac85bd54d27f1b1d2cce4df130d85a6eb9c,1.06,1
036dfa466e991c038a98175697aa284b414d40e03ccf45a1a64932b3948907f7be,1.06,1
02445567c03b3e2feb0deadff5bf1df5f308c0ae539c0d742dfbc63860c69e1c05,1.06,1
0377160fbfc48c19ad4b90e27efb0c0ebd6cedf9fc960481571f6dbcfa0fa4914f,1.06,1
0242290d02d2cd0d0edd3754541eda6c4b71e58df2c8fc88513c3d8190e8120a4b,1.06,1
03783fe0ad682e695e1d132df84222066d483599b5b49b879a7c6aeb66f57adb56,1.06,1
023062afced94dc97f5d756f94099b46b25407df418d3b4cf43d03dea3417cdc43,1.06,1
0322ea550e3949e31e07790bb97648e266326d0cb533dc2504c0d098377da6c410,1.06,1
0320f42d91c643b5a541758e4ecf4ad1d7f25b04ae149755adee8cd79fa9fbdfe3,1.06,1
022fbf66d0c695894bd5de86e35764f4890fcdf4ef577b3f8bc25efd55b4f220e3,1.06,1
038da548264b3bd6991c03bdf1300cb515bb5b39ed3cb017f8ecc2a47467bb7fb4,1.06,1
03620f31cf2bb95bb70c8c7bcdaa0698cd9bc7f17987290338af301eaa28c351be,1.06,1
03621032fa1e60c256d48df2daf144c21e90813ca2bc746a02bdf864753895cb9c,1.06,1
02480c283dea91c64dd76777ade0517cf697a42ac7dd4892735b41d456f381a450,1.06,1
0309869dc743430ecbe3f159bb7a1a44490778cbe8acc854fe71fb0b513753de36,1.06,1
030421daf56787f0cbec4f5b8564ae37fa2ab3f28b30c711c8094c19c36e7a3388,1.06,1
0396948e401c19d1b2e25ca7996eaa6f57d885da9940349499a53e9ffac877de1b,1.06,1
038e87f3c1040381d303ee118f609075149b585e2c75b50cfe08c65556ca7edf7a,1.06,1
02368951159b28b9bb2923f4d1b265856e559586f79575298385d5b228cc5757f9,1.06,1
02fffb0baa1f8a64d92c8b4222278c33a9c16d0f37bba24104c678fd9e4e7f57d6,1.06,1
02316000fd8baccf0ea45cadea711663feed67b68997de307e878441be7e9de34f,1.06,1
0298ce3e97fdbe3169c8f702b5d9575e3358fe43765224dbf4406a56a9fb28b581,1.06,1
032569bb9504f24ad4684fee59223d39f3adb1f846cdd8a0aeaae3f56e2525dda8,1.06,1
0329bb4881c6061aed5cfe2f6b9dc0d0e7aea93c6ad0846f37cea51f38a1fb9cca,1.06,1
032895e3187c376c65c143cad3660a8b43ef607d1dc6029573a24de15a91810357,1.06,1
02929175ac215cb282cd965d21b8bde87cf18828a4824f6a6e12b0098631b9f535,1.06,1
02894f48a1d5454700cdf879b0ea69285aa5ca2e4e387d8c68d92fddadfb7bbfa7,1.06,1
024bda1ec91b277d311aa60d04b1fb856efcc7897c876746b680c1f985fe973f73,1.06,4
024a853d9cdedafc164e49c2cef301966e5a78091322a84175b52d059d71b4d672,1.06,1
03984d92cdc95dfc197c190f8d99af095089ce70e00757920a15625919e2f0dab5,1.06,1
03aed93a4d0ef60f7c5f4642a096d05a41e217ad4977fed3fecb638879fbc884ce,1.06,1
022a71dfcf9a575515069d54d2886990dfb07114460f498326a8f049622c1b5981,1.06,1
02267dfd3548c201bcc74dbe067748d1738f58a84fdf46063a2396102b436851cb,1.06,1
03b95f2370e01edb922ec243f9741701a6a3d112b3df8f62c7a08d9f5cd71ebfcb,1.06,1
02d8be648914ac46eec73489f333057fe559ef3799adf13b14842260be80a2f847,1.06,1
02dda24009e7ac8f7f8d0074e831f4a5e8ff5a8f6f72e069c798f5feb40ceb6227,1.06,1
02e5139727514cc176529349cd69b1a0c6faafb73b33a34c9bea4f01fb40e3cd37,1.06,1
02f08380da84f77ed03fb9310f99c69c50f951cc82a7f2b8a36dbba27b915568fa,1.06,1
02d538902fada60a1ab963116cf257a910fb57c0f22c9756526867a8965325a275,1.06,1
03a17e8ec9570e1b71d1c719aeeafa88b0604068863dc88028b490b96c2898dda8,1.06,1
03a4d23196b17e1f338c7143edd58c0a49c555bee17b0da159cfc4c62b8c7b4822,1.06,1
02eba09307381af968573eef29f134126ecc354c2aeb1865b443732b87be78677c,1.06,1
02f64aca3b9d52e2f2cb0f137fbe5101db6eac4695510f32ed46c50004b7ca1fa7,1.06,1
0338f87cb05016c9427de7872192615f9313d622db1a88f6c2594625ffd0b2d270,1.06,1
033a4c561abadce3d41d489da69a86ecc12100114441f6b6dbc976f29aeb32b5d8,1.06,1
026087e0cec86201f617c6b93528091fd522112cf499eec18f778576e5f883c150,1.06,1
02cb44d95042374782c184739d6739bdeeb0998efa73f6655e93a0ccdc39aaa282,1.06,1
03fa4bd0e9ad7ed57a2027b41a1f8b7ce5e2298181def73f0b33fc0d1215eb245f,1.06,1
03cbf7816667ee86a3b7077f05961542cfa9dc60078b782a230a41a5cb772f1a81,1.06,1
03d0ba7c86a3c37a6ea564e44ec798de0a6a107484d778a40a55040c6326833c69,1.06,1
03d0087b718ce9259b36485995094a2065a378135925f9a71a5daf2500300fe662,1.06,1
03d212a039e89308ac2d4542fc7aaaff3ea9d6149b90badb68b48b7b64a7a370b7,1.06,1
03de5163824c2174f0f0094217dac8095800e5e421c4d70a236853523d820f3e77,1.06,1
021779d56f6992431e959991a664d678a2f41054073adb48c5a351d791c9cb0781,1.06,1
03cb5f69a294d7bef871db44f01bb582d7c934bea2e5dd58669cf42a6123124a84,1.06,1
02b68867a9f41fa61e7b4508666599c81e1cb7dd60c2a56625e969d07ce92119d4,1.06,1
02b80cabdf82638aac86948e4c06e82064f547768dcef977677b9ea931ea75bab5,1.06,1
029d48dc90dd482d3c71596b9ec1591f2f90840f8a33f4063c4c8891d41376b40a,1.06,1
02b57f86aa1b5abe288fbddb8c946cdc6ed17696152d5a22cfc045f90e713474ed,1.06,1
03ef1ec55ec0c5ada35a40fa5f6768be485bb2a354dd034a6c72ab6636af6566b9,1.06,1
02a1d2856be336a58af08989aea0d8c41e072ccc392c46f8ce0e6e069f002035f3,1.06,1
03cac8425d15440dec66f7a86155f2f457301aa434a6abdb82af2252ef477e7eb0,1.06,1
03c7abcf7ef3d212faf3b48bc527bbd4e285579f71739d7be9ffeefbd5486a1727,1.06,1
03bb23b522d2a5d9c239addb6b788c4c1b0ded20a6a6d87c1b041fcd40fc21d2d6,1.06,1
025a1cba5457f9e789aeb9604bfd602b5d18b48014d4454316b7b6d74b56e76b1f,1.06,1
02d13634c5cd765a5a9f8db5ddd25b399e9d7feb160f51e3b95c2aeeb1ee6e3156,1.06,1
02595222407bb5cba50b51800d8fd2432d38d37eeccdb8fd9d8cf08e8141773c74,1.06,1
022a096fc8b8fd2b87ba89ae8688651528d24a631a7a05e8c187992abc6f720529,1.06,1
02a1394d82f8cb61c2380f7622760f5761da995eb5162abd6416189323c59218ac,1.06,1
03c44a3fef1637aae26c96bbe932baf5094b6f48a060d8944bd32d4f67032cc027,1.06,1
03c2c348fac3e4953a797ba632ae8379bd4ae0ccc8d2598b7207eb62019fcbd875,1.06,1
03c73e43e92fab12af3461f723901f0bcdabdfdcf9b74973ad876bf0bff96a8676,1.06,1
03c561e8d04f54a75f4fd6a52123ac029910b5193ac82b8732d8c3d6a58ffc129f,1.06,1
03beea9d33087a8419f87d8a9ce8cd8d9feecd910e0394f3d5302a3c9fd83059ff,1.06,1
03ae535489bccb282de761bb1d96ded5e154cd99388db8669719ddb5439cec28fc,1.06,1
02b873b95a7b654fd70aa7af6f3d37bff83317f5db6a4f32c9b45b6f4cb1b065dc,1.059,1
033aa93d8abed5a070efd69e1119351eed005b3af4c0de43db350adc2278c914d5,0.96,2
021f05bd7bec2dacaafa9eea30e3c2dd64a1eee699c3aad6aeca8a5c6dd6ed3198,0.9299999999999999,3
033dd79123e7c386655f72d3eed186c071ef3b4a625d3fb9f613635e6483ff6823,0.915,15
03935a378993d0b55056801b11957aaecb9f85f34b64245f864c22a2d25001de74,0.88,8
03a7945697bb5dbe00d9762283b8f9a55eae685c4c0e891c0a1bb0c9b86e2d65ef,0.8,5
03ee7c5f9e2092bbb09e8db799b069f991e6398f6c1e61cdd9a6ad8ecf83924a22,0.732,12
02e588464f41b295e8c20fd1e1362437f40375cae6a8155cf20a9a9e2ec9b3b2e4,0.6599999999999999,11
030b04c5d37b8cb3acd324edefed38e170d355c8f0953718307b894321d576615f,0.6599999999999999,11
02c88a0df5e9ea7df582647f79b70b8e441047de308fd6b24408b8bd775f2234bd,0.61,10
02de367d7c2610a3f2d5b831ffdf6b5fe07b5b47a539b68b2976b5a807777d1456,0.56,1
0210a8a60f869a0054374540411e05d7461b6655a2e6f10e873d0e22715939fc56,0.56,1
03c8f4af5bc995453192a98ea9305df4980c027b1d890973d0ba5d7217a3afed2c,0.54,9
0360e94b6a5ba69e9349ea1077890b6384a4b9e6368e100316d85e22a534f552a8,0.48,8
02ba3ea3146bce6cb5093c1e6dee21a33faf1fb38f2bc1dc805038ebf9f2ecbeab,0.45999999999999996,6
023f1125ae4b6dba7ec047f4d809d0e0aa7232029cd3766c434514dec747535c1a,0.42,7
031feee8045899c658eec2b6f2f6da6e4bdd7baabdc61bdc017761577342fbd011,0.42,7
02065e25c272203440b66ea0ba66601d1248564554d0a68472b82511af54288120,0.366,6
024b8019795ec753fcdb1eb21ecd319bfab6a8b05e017f357dc5f052a181fb8c91,0.366,6
037667a61f11bdfd28a04c8c2031c388ff8cc52d00a87e62910bf03e1667312d64,0.36,6
03ae56e5cc4edb357407727d52372a6bee32bc870802b0888961b01b49625a1815,0.36,6
0371719964ae7f42264932ad3f54940f146a00289c23ad9ac2bb6cb825c4730a58,0.3,5
029a06f84c9bfddcf4dca173a4d1a540e6ce7f75cc7d1dde9fd5a70d80c504da07,0.24,4
0357f8170b3a41efcc053e3b1957580bf6c1ab4a0f3125bfafc31040c02228239a,0.122,2
03d9c54d337d15c993b93ad6cae5a839e3e7c18f5ac210b8c7b7620b643a79943a,0.122,2
03aedc5302d3fa4c33eb84f98287a78268d0cdfa70624f7708664264880f6b482c,0.12,2
02dca93a2c161cde48b1d06e66b994fab01430477336f95f57bd0da25686a2b4a7,0.06999999999999999,1
02ce5b45077985a4c6e51f8e6b4d5d4bbc1f212de4c90787b31e0da79321995ee0,0.061,1
02f302189b8c0028aa919e5441a5d7e80c82ebdff421219e34408acea58274a823,0.06,1
0325d3075b0ee0a3630d623d0fcc6ca5cdc0bdcdaf6e6e813e1be02b4e5e246ce2,0.06,1
021d7477153209bf1c81060483b4c2519bde173a18cbb3b7b94fb552b79e127323,0.06,1
032260c3b64b471b7eb0630b4af5d07ca94ff4e759573cbbe1bfb25845c375ed6e,0.002,2
02fcc4b0a87749b022f05568d5ef893b7893bcbaa99276bbbb55d9e9abc1bdced0,0.0,13
03842a085b8b89da9db708b83aae8e9baff7a0a6f34368a439aa8d2ca3e408a662,0.0,7
